{"ongoing_trials": {"tuner0": "2"}, "hyperparameters": {"space": [{"class_name": "Int", "config": {"name": "num_layers", "default": null, "conditions": [], "min_value": 2, "max_value": 20, "step": 1, "sampling": "linear"}}, {"class_name": "Int", "config": {"name": "units_0", "default": null, "conditions": [], "min_value": 32, "max_value": 100, "step": 32, "sampling": "linear"}}, {"class_name": "Int", "config": {"name": "units_1", "default": null, "conditions": [], "min_value": 32, "max_value": 100, "step": 32, "sampling": "linear"}}, {"class_name": "Choice", "config": {"name": "learning_rate", "default": 0.01, "conditions": [], "values": [0.01, 0.001, 0.0001], "ordered": true}}, {"class_name": "Int", "config": {"name": "units_2", "default": null, "conditions": [], "min_value": 32, "max_value": 100, "step": 32, "sampling": "linear"}}, {"class_name": "Int", "config": {"name": "units_3", "default": null, "conditions": [], "min_value": 32, "max_value": 100, "step": 32, "sampling": "linear"}}, {"class_name": "Int", "config": {"name": "units_4", "default": null, "conditions": [], "min_value": 32, "max_value": 100, "step": 32, "sampling": "linear"}}, {"class_name": "Int", "config": {"name": "units_5", "default": null, "conditions": [], "min_value": 32, "max_value": 100, "step": 32, "sampling": "linear"}}, {"class_name": "Int", "config": {"name": "units_6", "default": null, "conditions": [], "min_value": 32, "max_value": 100, "step": 32, "sampling": "linear"}}, {"class_name": "Int", "config": {"name": "units_7", "default": null, "conditions": [], "min_value": 32, "max_value": 100, "step": 32, "sampling": "linear"}}, {"class_name": "Int", "config": {"name": "units_8", "default": null, "conditions": [], "min_value": 32, "max_value": 100, "step": 32, "sampling": "linear"}}], "values": {"num_layers": 2, "units_0": 32, "units_1": 32, "learning_rate": 0.01, "units_2": 32, "units_3": 32, "units_4": 32, "units_5": 32, "units_6": 32, "units_7": 32, "units_8": 32}}, "start_order": ["0", "1", "2"], "end_order": ["0", "1"], "run_times": {"0": 1, "1": 1}, "retry_queue": [], "seed": 2514, "seed_state": 2534, "tried_so_far": ["0f7e09e3c52da9011218f45531882171", "50e3be9d800cb834da7f8847066d6de3", "f55c63ad04d8342ea7a3cc8b9f3a6b0e"], "id_to_hash": {"0": "0f7e09e3c52da9011218f45531882171", "1": "f55c63ad04d8342ea7a3cc8b9f3a6b0e", "2": "50e3be9d800cb834da7f8847066d6de3"}, "display": {"search_start": "2024-02-19T10:45:46.449110", "trial_start": {"0": "2024-02-19T10:45:46.449110", "1": "2024-02-19T10:45:46.746396"}, "trial_number": {"0": 1, "1": 2}}}